Card Name,List Name,Labels,Members,Description,Due Date,Priority,Status,Progress
"âœ… SystÃ¨me d'authentification utilisateur","TERMINÃ‰ (DONE)","users,auth,django","DÃ©veloppeur Backend","ğŸ“… Date: TerminÃ©â±ï¸ DurÃ©e: 1 semaineğŸ‘¤ Responsable: DÃ©veloppeur BackendğŸ·ï¸ Tags: #users #auth #djangoâœ… COMPLÃ‰TÃ‰ - ModÃ¨le CustomUser avec validation regex, systÃ¨me de notifications intÃ©grÃ©",2025-01-15,Haute,TerminÃ©,100
"âœ… ModÃ¨le utilisateur avec notifications","TERMINÃ‰ (DONE)","users,notifications,django","DÃ©veloppeur Backend","ğŸ“… Date: TerminÃ©â±ï¸ DurÃ©e: 3 joursğŸ‘¤ Responsable: DÃ©veloppeur BackendğŸ·ï¸ Tags: #users #notifications #djangoâœ… COMPLÃ‰TÃ‰ - SystÃ¨me de notifications complet avec statuts, types et gestion des lectures",2025-01-18,Haute,TerminÃ©,100
"âœ… ModÃ¨le matÃ©riel informatique","TERMINÃ‰ (DONE)","materiel,it,django","DÃ©veloppeur Backend","ğŸ“… Date: TerminÃ©â±ï¸ DurÃ©e: 1 semaineğŸ‘¤ Responsable: DÃ©veloppeur BackendğŸ·ï¸ Tags: #materiel #it #djangoâœ… COMPLÃ‰TÃ‰ - Gestion complÃ¨te des Ã©quipements IT avec calculs automatiques de garantie",2025-01-25,Haute,TerminÃ©,100
"âœ… SystÃ¨me de commandes informatiques","TERMINÃ‰ (DONE)","commandes,it,django","DÃ©veloppeur Backend","ğŸ“… Date: TerminÃ©â±ï¸ DurÃ©e: 1 semaineğŸ‘¤ Responsable: DÃ©veloppeur BackendğŸ·ï¸ Tags: #commandes #it #djangoâœ… COMPLÃ‰TÃ‰ - ModÃ¨les Commande et LigneCommande avec gestion des fournisseurs",2025-01-25,Haute,TerminÃ©,100
"âœ… ModÃ¨le matÃ©riel bureautique","TERMINÃ‰ (DONE)","materiel,bureau,django","DÃ©veloppeur Backend","ğŸ“… Date: TerminÃ©â±ï¸ DurÃ©e: 1 semaineğŸ‘¤ Responsable: DÃ©veloppeur BackendğŸ·ï¸ Tags: #materiel #bureau #djangoâœ… COMPLÃ‰TÃ‰ - Gestion des Ã©quipements de bureau avec systÃ¨me d'inventaire",2025-01-25,Haute,TerminÃ©,100
"âœ… SystÃ¨me de commandes bureau","TERMINÃ‰ (DONE)","commandes,bureau,django","DÃ©veloppeur Backend","ğŸ“… Date: TerminÃ©â±ï¸ DurÃ©e: 1 semaineğŸ‘¤ Responsable: DÃ©veloppeur BackendğŸ·ï¸ Tags: #commandes #bureau #djangoâœ… COMPLÃ‰TÃ‰ - Commandes bureautiques avec gestion des fournisseurs",2025-01-25,Haute,TerminÃ©,100
"âœ… Gestion des fournisseurs","TERMINÃ‰ (DONE)","fournisseurs,django","DÃ©veloppeur Backend","ğŸ“… Date: TerminÃ©â±ï¸ DurÃ©e: 3 joursğŸ‘¤ Responsable: DÃ©veloppeur BackendğŸ·ï¸ Tags: #fournisseurs #djangoâœ… COMPLÃ‰TÃ‰ - ModÃ¨le Fournisseur avec gestion des contacts et devis",2025-01-28,Haute,TerminÃ©,100
"âœ… SystÃ¨me de livraisons","TERMINÃ‰ (DONE)","livraisons,django","DÃ©veloppeur Backend","ğŸ“… Date: TerminÃ©â±ï¸ DurÃ©e: 1 semaineğŸ‘¤ Responsable: DÃ©veloppeur BackendğŸ·ï¸ Tags: #livraisons #djangoâœ… COMPLÃ‰TÃ‰ - Suivi des livraisons avec statuts et notifications",2025-02-01,Haute,TerminÃ©,100
"âœ… ModÃ¨le demande Ã©quipement","TERMINÃ‰ (DONE)","demandes,django","DÃ©veloppeur Backend","ğŸ“… Date: TerminÃ©â±ï¸ DurÃ©e: 1 semaineğŸ‘¤ Responsable: DÃ©veloppeur BackendğŸ·ï¸ Tags: #demandes #djangoâœ… COMPLÃ‰TÃ‰ - Workflow des demandes avec approbation et notifications",2025-02-08,Haute,TerminÃ©,100
"âœ… Chatbot IA avec RAG","TERMINÃ‰ (DONE)","ai,chatbot,rag","DÃ©veloppeur IA","ğŸ“… Date: TerminÃ©â±ï¸ DurÃ©e: 2 semainesğŸ‘¤ Responsable: DÃ©veloppeur IAğŸ·ï¸ Tags: #ai #chatbot #ragâœ… COMPLÃ‰TÃ‰ - SystÃ¨me RAG complet avec embeddings vectoriels et gestion des intents",2025-02-22,Haute,TerminÃ©,100
"âœ… Interface React Dashboard","TERMINÃ‰ (DONE)","react,dashboard,ui","DÃ©veloppeur Frontend","ğŸ“… Date: TerminÃ©â±ï¸ DurÃ©e: 2 semainesğŸ‘¤ Responsable: DÃ©veloppeur FrontendğŸ·ï¸ Tags: #react #dashboard #uiâœ… COMPLÃ‰TÃ‰ - Dashboard principal avec graphiques, mÃ©triques et KPIs",2025-03-08,Haute,TerminÃ©,100
"âœ… Composant Chatbot React","TERMINÃ‰ (DONE)","react,chatbot,ui","DÃ©veloppeur Frontend","ğŸ“… Date: TerminÃ©â±ï¸ DurÃ©e: 1 semaineğŸ‘¤ Responsable: DÃ©veloppeur FrontendğŸ·ï¸ Tags: #react #chatbot #uiâœ… COMPLÃ‰TÃ‰ - Interface utilisateur du chatbot intÃ©grÃ©e",2025-03-15,Haute,TerminÃ©,100
"âœ… Gestion des commandes IT React","TERMINÃ‰ (DONE)","react,commandes,it","DÃ©veloppeur Frontend","ğŸ“… Date: TerminÃ©â±ï¸ DurÃ©e: 1 semaineğŸ‘¤ Responsable: DÃ©veloppeur FrontendğŸ·ï¸ Tags: #react #commandes #itâœ… COMPLÃ‰TÃ‰ - Interface complÃ¨te de gestion des commandes informatiques",2025-03-22,Haute,TerminÃ©,100
"âœ… Gestion des commandes Bureau React","TERMINÃ‰ (DONE)","react,commandes,bureau","DÃ©veloppeur Frontend","ğŸ“… Date: TerminÃ©â±ï¸ DurÃ©e: 1 semaineğŸ‘¤ Responsable: DÃ©veloppeur FrontendğŸ·ï¸ Tags: #react #commandes #bureauâœ… COMPLÃ‰TÃ‰ - Interface de gestion des commandes bureautiques",2025-03-29,Haute,TerminÃ©,100
"âœ… Gestion des matÃ©riels IT React","TERMINÃ‰ (DONE)","react,materiel,it","DÃ©veloppeur Frontend","ğŸ“… Date: TerminÃ©â±ï¸ DurÃ©e: 1 semaineğŸ‘¤ Responsable: DÃ©veloppeur FrontendğŸ·ï¸ Tags: #react #materiel #itâœ… COMPLÃ‰TÃ‰ - Interface de gestion du parc informatique",2025-04-05,Haute,TerminÃ©,100
"âœ… Gestion des matÃ©riels Bureau React","TERMINÃ‰ (DONE)","react,materiel,bureau","DÃ©veloppeur Frontend","ğŸ“… Date: TerminÃ©â±ï¸ DurÃ©e: 1 semaineğŸ‘¤ Responsable: DÃ©veloppeur FrontendğŸ·ï¸ Tags: #react #materiel #bureauâœ… COMPLÃ‰TÃ‰ - Interface de gestion du parc bureautique",2025-04-12,Haute,TerminÃ©,100
"âœ… Gestion des livraisons React","TERMINÃ‰ (DONE)","react,livraisons","DÃ©veloppeur Frontend","ğŸ“… Date: TerminÃ©â±ï¸ DurÃ©e: 1 semaineğŸ‘¤ Responsable: DÃ©veloppeur FrontendğŸ·ï¸ Tags: #react #livraisonsâœ… COMPLÃ‰TÃ‰ - Suivi des livraisons avec statuts en temps rÃ©el",2025-04-19,Haute,TerminÃ©,100
"âœ… Interface de connexion","TERMINÃ‰ (DONE)","react,auth,ui","DÃ©veloppeur Frontend","ğŸ“… Date: TerminÃ©â±ï¸ DurÃ©e: 3 joursğŸ‘¤ Responsable: DÃ©veloppeur FrontendğŸ·ï¸ Tags: #react #auth #uiâœ… COMPLÃ‰TÃ‰ - Page de connexion avec gestion des erreurs",2025-04-22,Haute,TerminÃ©,100
"âœ… Layout principal de l'application","TERMINÃ‰ (DONE)","react,layout,ui","DÃ©veloppeur Frontend","ğŸ“… Date: TerminÃ©â±ï¸ DurÃ©e: 1 semaineğŸ‘¤ Responsable: DÃ©veloppeur FrontendğŸ·ï¸ Tags: #react #layout #uiâœ… COMPLÃ‰TÃ‰ - Structure principale avec navigation et sidebar",2025-04-29,Haute,TerminÃ©,100
"âœ… SystÃ¨me de notifications frontend","TERMINÃ‰ (DONE)","react,notifications,ui","DÃ©veloppeur Frontend","ğŸ“… Date: TerminÃ©â±ï¸ DurÃ©e: 3 joursğŸ‘¤ Responsable: DÃ©veloppeur FrontendğŸ·ï¸ Tags: #react #notifications #uiâœ… COMPLÃ‰TÃ‰ - Affichage des notifications en temps rÃ©el",2025-05-02,Haute,TerminÃ©,100
"âœ… Gestion des fournisseurs React","TERMINÃ‰ (DONE)","react,fournisseurs","DÃ©veloppeur Frontend","ğŸ“… Date: TerminÃ©â±ï¸ DurÃ©e: 3 joursğŸ‘¤ Responsable: DÃ©veloppeur FrontendğŸ·ï¸ Tags: #react #fournisseursâœ… COMPLÃ‰TÃ‰ - Interface de gestion des fournisseurs",2025-05-05,Haute,TerminÃ©,100
"âœ… Gestion des demandes React","TERMINÃ‰ (DONE)","react,demandes","DÃ©veloppeur Frontend","ğŸ“… Date: TerminÃ©â±ï¸ DurÃ©e: 1 semaineğŸ‘¤ Responsable: DÃ©veloppeur FrontendğŸ·ï¸ Tags: #react #demandesâœ… COMPLÃ‰TÃ‰ - Workflow des demandes d'Ã©quipement",2025-05-12,Haute,TerminÃ©,100
"âœ… Gestion des utilisateurs React","TERMINÃ‰ (DONE)","react,users","DÃ©veloppeur Frontend","ğŸ“… Date: TerminÃ©â±ï¸ DurÃ©e: 3 joursğŸ‘¤ Responsable: DÃ©veloppeur FrontendğŸ·ï¸ Tags: #react #usersâœ… COMPLÃ‰TÃ‰ - Interface d'administration des utilisateurs",2025-05-15,Haute,TerminÃ©,100
"âœ… Profil utilisateur React","TERMINÃ‰ (DONE)","react,profile,ui","DÃ©veloppeur Frontend","ğŸ“… Date: TerminÃ©â±ï¸ DurÃ©e: 2 joursğŸ‘¤ Responsable: DÃ©veloppeur FrontendğŸ·ï¸ Tags: #react #profile #uiâœ… COMPLÃ‰TÃ‰ - Page de profil utilisateur",2025-05-17,Haute,TerminÃ©,100
"âœ… Composants UI rÃ©utilisables","TERMINÃ‰ (DONE)","react,ui,components","DÃ©veloppeur Frontend","ğŸ“… Date: TerminÃ©â±ï¸ DurÃ©e: 1 semaineğŸ‘¤ Responsable: DÃ©veloppeur FrontendğŸ·ï¸ Tags: #react #ui #componentsâœ… COMPLÃ‰TÃ‰ - BibliothÃ¨que de composants (Card, Button, Table, etc.)",2025-05-24,Haute,TerminÃ©,100
"âœ… SystÃ¨me d'authentification frontend","TERMINÃ‰ (DONE)","react,auth,context","DÃ©veloppeur Frontend","ğŸ“… Date: TerminÃ©â±ï¸ DurÃ©e: 1 semaineğŸ‘¤ Responsable: DÃ©veloppeur FrontendğŸ·ï¸ Tags: #react #auth #contextâœ… COMPLÃ‰TÃ‰ - Context d'authentification avec gestion des rÃ´les",2025-05-31,Haute,TerminÃ©,100
"âœ… Configuration Tailwind CSS","TERMINÃ‰ (DONE)","css,tailwind,config","DÃ©veloppeur Frontend","ğŸ“… Date: TerminÃ©â±ï¸ DurÃ©e: 2 joursğŸ‘¤ Responsable: DÃ©veloppeur FrontendğŸ·ï¸ Tags: #css #tailwind #configâœ… COMPLÃ‰TÃ‰ - Configuration complÃ¨te de Tailwind CSS",2025-06-02,Haute,TerminÃ©,100
"âœ… Configuration Vite","TERMINÃ‰ (DONE)","vite,config,build","DÃ©veloppeur Frontend","ğŸ“… Date: TerminÃ©â±ï¸ DurÃ©e: 1 jourğŸ‘¤ Responsable: DÃ©veloppeur FrontendğŸ·ï¸ Tags: #vite #config #buildâœ… COMPLÃ‰TÃ‰ - Configuration Vite pour le build et dÃ©veloppement",2026-06-03,Haute,TerminÃ©,100
"âœ… SystÃ¨me de notifications backend","TERMINÃ‰ (DONE)","django,notifications,backend","DÃ©veloppeur Backend","ğŸ“… Date: TerminÃ©â±ï¸ DurÃ©e: 1 semaineğŸ‘¤ Responsable: DÃ©veloppeur BackendğŸ·ï¸ Tags: #django #notifications #backendâœ… COMPLÃ‰TÃ‰ - API de notifications avec WebSockets",2025-06-10,Haute,TerminÃ©,100
"âœ… API REST complÃ¨te","TERMINÃ‰ (DONE)","django,api,rest","DÃ©veloppeur Backend","ğŸ“… Date: TerminÃ©â±ï¸ DurÃ©e: 2 semainesğŸ‘¤ Responsable: DÃ©veloppeur BackendğŸ·ï¸ Tags: #django #api #restâœ… COMPLÃ‰TÃ‰ - API REST pour toutes les fonctionnalitÃ©s",2025-06-24,Haute,TerminÃ©,100
"âœ… SystÃ¨me RBAC (rÃ´les et permissions)","TERMINÃ‰ (DONE)","django,rbac,security","DÃ©veloppeur Backend","ğŸ“… Date: TerminÃ©â±ï¸ DurÃ©e: 1 semaineğŸ‘¤ Responsable: DÃ©veloppeur BackendğŸ·ï¸ Tags: #django #rbac #securityâœ… COMPLÃ‰TÃ‰ - Gestion des rÃ´les et permissions",2025-07-01,Haute,TerminÃ©,100
"âœ… Base de donnÃ©es et migrations","TERMINÃ‰ (DONE)","database,migrations,django","DÃ©veloppeur Backend","ğŸ“… Date: TerminÃ©â±ï¸ DurÃ©e: 1 semaineğŸ‘¤ Responsable: DÃ©veloppeur BackendğŸ·ï¸ Tags: #database #migrations #djangoâœ… COMPLÃ‰TÃ‰ - SchÃ©ma de base de donnÃ©es complet",2025-07-08,Haute,TerminÃ©,100
"âœ… Tests unitaires backend","TERMINÃ‰ (DONE)","tests,unitaire,django","DÃ©veloppeur QA","ğŸ“… Date: TerminÃ©â±ï¸ DurÃ©e: 1 semaineğŸ‘¤ Responsable: DÃ©veloppeur QAğŸ·ï¸ Tags: #tests #unitaire #djangoâœ… COMPLÃ‰TÃ‰ - Tests unitaires pour tous les modÃ¨les",2025-07-15,Haute,TerminÃ©,100
"âœ… Tests d'intÃ©gration backend","TERMINÃ‰ (DONE)","tests,integration,django","DÃ©veloppeur QA","ğŸ“… Date: TerminÃ©â±ï¸ DurÃ©e: 1 semaineğŸ‘¤ Responsable: DÃ©veloppeur QAğŸ·ï¸ Tags: #tests #integration #djangoâœ… COMPLÃ‰TÃ‰ - Tests d'intÃ©gration pour les API",2025-07-22,Haute,TerminÃ©,100
"âœ… Tests frontend React","TERMINÃ‰ (DONE)","tests,react,frontend","DÃ©veloppeur QA","ğŸ“… Date: TerminÃ©â±ï¸ DurÃ©e: 1 semaineğŸ‘¤ Responsable: DÃ©veloppeur QAğŸ·ï¸ Tags: #tests #react #frontendâœ… COMPLÃ‰TÃ‰ - Tests des composants React",2025-07-29,Haute,TerminÃ©,100
"âœ… Documentation technique","TERMINÃ‰ (DONE)","documentation,technique","Chef de projet","ğŸ“… Date: TerminÃ©â±ï¸ DurÃ©e: 1 semaineğŸ‘¤ Responsable: Chef de projetğŸ·ï¸ Tags: #documentation #techniqueâœ… COMPLÃ‰TÃ‰ - Documentation complÃ¨te du projet",2025-08-05,Haute,TerminÃ©,100
"âœ… Configuration de production","TERMINÃ‰ (DONE)","deployment,production,config","DevOps","ğŸ“… Date: TerminÃ©â±ï¸ DurÃ©e: 1 semaineğŸ‘¤ Responsable: DevOpsğŸ·ï¸ Tags: #deployment #production #configâœ… COMPLÃ‰TÃ‰ - Configuration serveur de production",2025-08-12,Haute,TerminÃ©,100
"âœ… DÃ©ploiement initial","TERMINÃ‰ (DONE)","deployment,initial","DevOps","ğŸ“… Date: TerminÃ©â±ï¸ DurÃ©e: 1 jourğŸ‘¤ Responsable: DevOpsğŸ·ï¸ Tags: #deployment #initialâœ… COMPLÃ‰TÃ‰ - Premier dÃ©ploiement en production",2025-08-13,Haute,TerminÃ©,100
"ğŸ”„ Optimisation des performances","EN COURS (DÃ‰VELOPPEMENT)","performance,optimisation","DÃ©veloppeur Backend","ğŸ“… Date: 15-21 Juillet 2025â±ï¸ DurÃ©e: 1 semaineğŸ‘¤ Responsable: DÃ©veloppeur BackendğŸ·ï¸ Tags: #performance #optimisationğŸ“ En cours: Cache Redis, indexation base de donnÃ©es, pagination",2025-07-21,Moyenne,En cours,60
"ğŸ”„ AmÃ©lioration du chatbot IA","EN COURS (DÃ‰VELOPPEMENT)","ai,chatbot,amelioration","DÃ©veloppeur IA","ğŸ“… Date: 15-21 Juillet 2025â±ï¸ DurÃ©e: 1 semaineğŸ‘¤ Responsable: DÃ©veloppeur IAğŸ·ï¸ Tags: #ai #chatbot #ameliorationğŸ“ En cours: AmÃ©lioration de la prÃ©cision des rÃ©ponses",2025-07-21,Moyenne,En cours,70
"ğŸ”„ Interface utilisateur responsive","EN COURS (DÃ‰VELOPPEMENT)","react,responsive,ui","DÃ©veloppeur Frontend","ğŸ“… Date: 15-21 Juillet 2025â±ï¸ DurÃ©e: 1 semaineğŸ‘¤ Responsable: DÃ©veloppeur FrontendğŸ·ï¸ Tags: #react #responsive #uiğŸ“ En cours: Adaptation mobile et tablette",2025-07-21,Moyenne,En cours,80
"ğŸ“‹ Tests de charge et performance","Ã€ VALIDER (REVIEW)","tests,charge,performance","DÃ©veloppeur QA","ğŸ“… Date: 22-28 Juillet 2025â±ï¸ DurÃ©e: 1 semaineğŸ‘¤ Responsable: DÃ©veloppeur QAğŸ·ï¸ Tags: #tests #charge #performanceğŸ“ Ã€ valider: Tests de charge avec JMeter",2025-07-28,Moyenne,Ã€ valider,0
"ğŸ“‹ Tests de sÃ©curitÃ©","Ã€ VALIDER (REVIEW)","tests,securite,audit","DÃ©veloppeur SÃ©curitÃ©","ğŸ“… Date: 22-28 Juillet 2025â±ï¸ DurÃ©e: 1 semaineğŸ‘¤ Responsable: DÃ©veloppeur SÃ©curitÃ©ğŸ·ï¸ Tags: #tests #securite #auditğŸ“ Ã€ valider: Audit de sÃ©curitÃ© complet",2025-07-28,Haute,Ã€ valider,0
"ğŸ“‹ Tests utilisateur (UAT)","Ã€ VALIDER (REVIEW)","tests,uat,utilisateur","Chef de projet","ğŸ“… Date: 29 Juillet - 4 AoÃ»t 2025â±ï¸ DurÃ©e: 1 semaineğŸ‘¤ Responsable: Chef de projetğŸ·ï¸ Tags: #tests #uat #utilisateurğŸ“ Ã€ valider: Tests avec utilisateurs finaux",2025-08-04,Haute,Ã€ valider,0
"ğŸš€ Tableaux de bord avancÃ©s","PROCHAINES TÃ‚CHES (NEXT)","dashboard,avance,streamlit","DÃ©veloppeur Data","ğŸ“… Date: 5-11 AoÃ»t 2025â±ï¸ DurÃ©e: 1 semaineğŸ‘¤ Responsable: DÃ©veloppeur DatağŸ·ï¸ Tags: #dashboard #avance #streamlitğŸ“ Prochaine: Dashboards Streamlit avec mÃ©triques avancÃ©es",2025-08-11,Moyenne,PlanifiÃ©,0
"ğŸš€ IntÃ©gration monitoring","PROCHAINES TÃ‚CHES (NEXT)","monitoring,integration,ops","DevOps","ğŸ“… Date: 5-11 AoÃ»t 2025â±ï¸ DurÃ©e: 1 semaineğŸ‘¤ Responsable: DevOpsğŸ·ï¸ Tags: #monitoring #integration #opsğŸ“ Prochaine: IntÃ©gration Prometheus/Grafana",2025-08-11,Moyenne,PlanifiÃ©,0
"ğŸš€ SystÃ¨me de sauvegarde automatique","PROCHAINES TÃ‚CHES (NEXT)","backup,automatique,ops","DevOps","ğŸ“… Date: 12-18 AoÃ»t 2025â±ï¸ DurÃ©e: 1 semaineğŸ‘¤ Responsable: DevOpsğŸ·ï¸ Tags: #backup #automatique #opsğŸ“ Prochaine: Sauvegarde automatique base de donnÃ©es",2025-08-18,Moyenne,PlanifiÃ©,0
"ğŸš€ API de reporting avancÃ©","PROCHAINES TÃ‚CHES (NEXT)","api,reporting,avance","DÃ©veloppeur Backend","ğŸ“… Date: 12-18 AoÃ»t 2025â±ï¸ DurÃ©e: 1 semaineğŸ‘¤ Responsable: DÃ©veloppeur BackendğŸ·ï¸ Tags: #api #reporting #avanceğŸ“ Prochaine: API pour rapports personnalisÃ©s",2025-08-18,Moyenne,PlanifiÃ©,0
"ğŸš€ Interface d'administration avancÃ©e","PROCHAINES TÃ‚CHES (NEXT)","admin,interface,avance","DÃ©veloppeur Frontend","ğŸ“… Date: 19-25 AoÃ»t 2025â±ï¸ DurÃ©e: 1 semaineğŸ‘¤ Responsable: DÃ©veloppeur FrontendğŸ·ï¸ Tags: #admin #interface #avanceğŸ“ Prochaine: Interface admin avec droits granulaires",2025-08-25,Moyenne,PlanifiÃ©,0
"ğŸš€ SystÃ¨me de logs avancÃ©","PROCHAINES TÃ‚CHES (NEXT)","logs,avance,ops","DevOps","ğŸ“… Date: 19-25 AoÃ»t 2025â±ï¸ DurÃ©e: 1 semaineğŸ‘¤ Responsable: DevOpsğŸ·ï¸ Tags: #logs #avance #opsğŸ“ Prochaine: Centralisation et analyse des logs",2025-08-25,Moyenne,PlanifiÃ©,0
"ğŸš€ IntÃ©gration CI/CD","PROCHAINES TÃ‚CHES (NEXT)","cicd,integration,ops","DevOps","ğŸ“… Date: 26 AoÃ»t - 1 Septembre 2025â±ï¸ DurÃ©e: 1 semaineğŸ‘¤ Responsable: DevOpsğŸ·ï¸ Tags: #cicd #integration #opsğŸ“ Prochaine: Pipeline CI/CD complet",2025-09-01,Moyenne,PlanifiÃ©,0
"ğŸš€ Tests automatisÃ©s E2E","PROCHAINES TÃ‚CHES (NEXT)","tests,e2e,automation","DÃ©veloppeur QA","ğŸ“… Date: 26 AoÃ»t - 1 Septembre 2025â±ï¸ DurÃ©e: 1 semaineğŸ‘¤ Responsable: DÃ©veloppeur QAğŸ·ï¸ Tags: #tests #e2e #automationğŸ“ Prochaine: Tests end-to-end avec Playwright",2025-09-01,Moyenne,PlanifiÃ©,0
"ğŸš€ Documentation utilisateur","PROCHAINES TÃ‚CHES (NEXT)","documentation,utilisateur","Chef de projet","ğŸ“… Date: 2-8 Septembre 2025â±ï¸ DurÃ©e: 1 semaineğŸ‘¤ Responsable: Chef de projetğŸ·ï¸ Tags: #documentation #utilisateurğŸ“ Prochaine: Guides utilisateur et formation",2025-09-08,Basse,PlanifiÃ©,0
"ğŸš€ Formation Ã©quipe utilisateurs","PROCHAINES TÃ‚CHES (NEXT)","formation,equipe,utilisateurs","Chef de projet","ğŸ“… Date: 9-15 Septembre 2025â±ï¸ DurÃ©e: 1 semaineğŸ‘¤ Responsable: Chef de projetğŸ·ï¸ Tags: #formation #equipe #utilisateursğŸ“ Prochaine: Sessions de formation pour l'Ã©quipe",2025-09-15,Basse,PlanifiÃ©,0
"ğŸš€ Recette finale utilisateur","PROCHAINES TÃ‚CHES (NEXT)","recette,finale,utilisateur","Chef de projet","ğŸ“… Date: 16-22 Septembre 2025â±ï¸ DurÃ©e: 1 semaineğŸ‘¤ Responsable: Chef de projetğŸ·ï¸ Tags: #recette #finale #utilisateurğŸ“ Prochaine: Validation finale par les utilisateurs",2025-09-22,Haute,PlanifiÃ©,0
"ğŸš€ PrÃ©paration dÃ©ploiement final","PROCHAINES TÃ‚CHES (NEXT)","deployment,final,preparation","DevOps","ğŸ“… Date: 23-29 Septembre 2025â±ï¸ DurÃ©e: 1 semaineğŸ‘¤ Responsable: DevOpsğŸ·ï¸ Tags: #deployment #final #preparationğŸ“ Prochaine: PrÃ©paration environnement de production",2025-09-29,Haute,PlanifiÃ©,0
"ğŸ¯ DÃ©ploiement final et Go-live","LIVRAISON & DÃ‰PLOIEMENT","deployment,final,golive","Chef de projet","ğŸ“… Date: 30 Septembre 2025â±ï¸ DurÃ©e: 1 jourğŸ‘¤ Responsable: Chef de projetğŸ·ï¸ Tags: #deployment #final #goliveğŸ¯ MILESTONE FINAL - DÃ©ploiement en production",2025-09-30,Haute,PlanifiÃ©,0
"ğŸ¯ Formation Ã©quipe support","LIVRAISON & DÃ‰PLOIEMENT","formation,support,equipe","Chef de projet","ğŸ“… Date: 1-7 Octobre 2025â±ï¸ DurÃ©e: 1 semaineğŸ‘¤ Responsable: Chef de projetğŸ·ï¸ Tags: #formation #support #equipeğŸ“ Formation de l'Ã©quipe support technique",2025-10-07,Moyenne,PlanifiÃ©,0
"ğŸ¯ Mise en place support utilisateur","LIVRAISON & DÃ‰PLOIEMENT","support,utilisateur,mise-en-place","Chef de projet","ğŸ“… Date: 8-14 Octobre 2025â±ï¸ DurÃ©e: 1 semaineğŸ‘¤ Responsable: Chef de projetğŸ·ï¸ Tags: #support #utilisateur #mise-en-placeğŸ“ SystÃ¨me de support et ticketing",2025-10-14,Moyenne,PlanifiÃ©,0
"ğŸ¯ RÃ©trospective projet","LIVRAISON & DÃ‰PLOIEMENT","retrospective,projet,analyse","Chef de projet","ğŸ“… Date: 15-21 Octobre 2025â±ï¸ DurÃ©e: 1 semaineğŸ‘¤ Responsable: Chef de projetğŸ·ï¸ Tags: #retrospective #projet #analyseğŸ“ Analyse des succÃ¨s et amÃ©liorations",2025-10-21,Basse,PlanifiÃ©,0
